{"stats":{"minecraft:custom":{"minecraft:time_since_rest":14816,"minecraft:crouch_one_cm":2614,"minecraft:play_time":116075,"minecraft:sprint_one_cm":44932,"minecraft:deaths":8,"minecraft:damage_taken":817,"minecraft:walk_one_cm":97049,"minecraft:sneak_time":3302,"minecraft:aviate_one_cm":17549,"minecraft:jump":305,"minecraft:damage_dealt":40,"minecraft:leave_game":5,"minecraft:walk_on_water_one_cm":445,"minecraft:time_since_death":10590,"minecraft:total_world_time":116075,"minecraft:fall_one_cm":19910,"minecraft:fly_one_cm":1402526},"minecraft:killed_by":{"minecraft:creeper":1},"minecraft:picked_up":{"minecraft:stick":2,"minecraft:spruce_sapling":2,"minecraft:dirt":1},"minecraft:mined":{"minecraft:grass_block":1,"minecraft:spruce_leaves":13},"minecraft:used":{"minecraft:crimson_sign":5,"minecraft:torch":1,"minecraft:birch_button":2,"minecraft:black_wool":31,"minecraft:blue_dye":3,"minecraft:dirt":11,"minecraft:sand":85,"minecraft:sandstone_stairs":1,"minecraft:end_crystal":1,"minecraft:command_block":24,"minecraft:redstone":2,"minecraft:oak_planks":2,"minecraft:bamboo_sign":3,"minecraft:stone_button":7,"minecraft:stone_pressure_plate":4,"minecraft:sandstone":259,"minecraft:red_dye":3,"minecraft:white_dye":2,"minecraft:warped_sign":4,"minecraft:glow_ink_sac":8,"minecraft:obsidian":1}},"DataVersion":3955}