{"stats":{"minecraft:custom":{"minecraft:time_since_rest":6810,"minecraft:crouch_one_cm":2614,"minecraft:play_time":108069,"minecraft:sprint_one_cm":44061,"minecraft:deaths":8,"minecraft:damage_taken":737,"minecraft:walk_one_cm":94999,"minecraft:sneak_time":3302,"minecraft:aviate_one_cm":17549,"minecraft:jump":294,"minecraft:damage_dealt":40,"minecraft:leave_game":4,"minecraft:walk_on_water_one_cm":445,"minecraft:time_since_death":2584,"minecraft:total_world_time":108069,"minecraft:fall_one_cm":18829,"minecraft:fly_one_cm":1401165},"minecraft:killed_by":{"minecraft:creeper":1},"minecraft:used":{"minecraft:crimson_sign":5,"minecraft:torch":1,"minecraft:birch_button":2,"minecraft:black_wool":31,"minecraft:blue_dye":3,"minecraft:dirt":11,"minecraft:sand":85,"minecraft:sandstone_stairs":1,"minecraft:end_crystal":1,"minecraft:command_block":24,"minecraft:redstone":2,"minecraft:oak_planks":2,"minecraft:bamboo_sign":3,"minecraft:stone_button":7,"minecraft:stone_pressure_plate":4,"minecraft:sandstone":259,"minecraft:red_dye":3,"minecraft:white_dye":2,"minecraft:warped_sign":4,"minecraft:glow_ink_sac":8,"minecraft:obsidian":1}},"DataVersion":3955}