{"stats":{"minecraft:killed_by":{"minecraft:player":1},"minecraft:custom":{"minecraft:jump":95,"minecraft:time_since_rest":925,"minecraft:damage_taken":1958,"minecraft:damage_dealt":297,"minecraft:crouch_one_cm":3819,"minecraft:leave_game":5,"minecraft:sprint_one_cm":25361,"minecraft:play_time":14250,"minecraft:walk_one_cm":43024,"minecraft:time_since_death":896,"minecraft:deaths":8,"minecraft:sneak_time":2966,"minecraft:total_world_time":14250,"minecraft:fall_one_cm":12388,"minecraft:fly_one_cm":32394,"minecraft:player_kills":1}},"DataVersion":3955}