{"stats":{"minecraft:custom":{"minecraft:jump":174,"minecraft:time_since_rest":970,"minecraft:damage_taken":1684,"minecraft:walk_one_cm":45740,"minecraft:crouch_one_cm":1792,"minecraft:leave_game":10,"minecraft:sprint_one_cm":67866,"minecraft:play_time":28030,"minecraft:time_since_death":948,"minecraft:walk_on_water_one_cm":882,"minecraft:deaths":6,"minecraft:sneak_time":1528,"minecraft:total_world_time":28030,"minecraft:fall_one_cm":129136,"minecraft:fly_one_cm":70245},"minecraft:killed_by":{"minecraft:player":1},"minecraft:used":{"minecraft:oak_planks":1},"minecraft:mined":{"minecraft:dirt":7,"minecraft:sand":1},"minecraft:picked_up":{"minecraft:sand":1,"minecraft:wheat_seeds":2,"minecraft:oak_planks":1,"minecraft:dirt":7}},"DataVersion":3955}