{"stats":{"minecraft:custom":{"minecraft:jump":200,"minecraft:time_since_rest":5573,"minecraft:walk_on_water_one_cm":202,"minecraft:damage_taken":2677,"minecraft:damage_dealt":117,"minecraft:crouch_one_cm":3060,"minecraft:leave_game":6,"minecraft:sprint_one_cm":40847,"minecraft:play_time":23525,"minecraft:walk_one_cm":51639,"minecraft:time_since_death":5549,"minecraft:deaths":10,"minecraft:sneak_time":2109,"minecraft:total_world_time":23525,"minecraft:fall_one_cm":60589,"minecraft:fly_one_cm":65597,"minecraft:player_kills":1},"minecraft:killed_by":{"minecraft:player":2}},"DataVersion":3955}