{"minecraft:recipes/decorations/crafting_table":{"criteria":{"unlock_right_away":"2024-10-20 19:25:02 +0000"},"done":true},"minecraft:adventure/adventuring_time":{"criteria":{"minecraft:taiga":"2024-10-21 17:39:04 +0000","minecraft:plains":"2024-10-20 19:25:03 +0000"},"done":false},"minecraft:recipes/building_blocks/lime_concrete_powder":{"criteria":{"has_sand":"2024-10-20 19:30:30 +0000"},"done":true},"minecraft:recipes/building_blocks/pink_concrete_powder":{"criteria":{"has_sand":"2024-10-20 19:30:30 +0000"},"done":true},"minecraft:recipes/building_blocks/orange_concrete_powder":{"criteria":{"has_sand":"2024-10-20 19:30:30 +0000"},"done":true},"minecraft:recipes/building_blocks/magenta_concrete_powder":{"criteria":{"has_sand":"2024-10-20 19:30:30 +0000"},"done":true},"minecraft:recipes/building_blocks/brown_concrete_powder":{"criteria":{"has_sand":"2024-10-20 19:30:30 +0000"},"done":true},"minecraft:recipes/building_blocks/green_concrete_powder":{"criteria":{"has_sand":"2024-10-20 19:30:30 +0000"},"done":true},"minecraft:recipes/building_blocks/blue_concrete_powder":{"criteria":{"has_sand":"2024-10-20 19:30:30 +0000"},"done":true},"minecraft:recipes/building_blocks/yellow_concrete_powder":{"criteria":{"has_sand":"2024-10-20 19:30:30 +0000"},"done":true},"minecraft:recipes/building_blocks/sandstone":{"criteria":{"has_sand":"2024-10-20 19:30:30 +0000"},"done":true},"minecraft:recipes/building_blocks/cyan_concrete_powder":{"criteria":{"has_sand":"2024-10-20 19:30:30 +0000"},"done":true},"minecraft:recipes/building_blocks/light_gray_concrete_powder":{"criteria":{"has_sand":"2024-10-20 19:30:31 +0000"},"done":true},"minecraft:recipes/building_blocks/red_concrete_powder":{"criteria":{"has_sand":"2024-10-20 19:30:31 +0000"},"done":true},"minecraft:recipes/building_blocks/light_blue_concrete_powder":{"criteria":{"has_sand":"2024-10-20 19:30:31 +0000"},"done":true},"minecraft:recipes/building_blocks/glass":{"criteria":{"has_smelts_to_glass":"2024-10-20 19:30:31 +0000"},"done":true},"minecraft:recipes/building_blocks/white_concrete_powder":{"criteria":{"has_sand":"2024-10-20 19:30:31 +0000"},"done":true},"minecraft:recipes/building_blocks/gray_concrete_powder":{"criteria":{"has_sand":"2024-10-20 19:30:31 +0000"},"done":true},"minecraft:recipes/building_blocks/black_concrete_powder":{"criteria":{"has_sand":"2024-10-20 19:30:31 +0000"},"done":true},"minecraft:recipes/building_blocks/purple_concrete_powder":{"criteria":{"has_sand":"2024-10-20 19:30:31 +0000"},"done":true},"minecraft:recipes/building_blocks/sandstone_stairs":{"criteria":{"has_sandstone":"2024-10-20 19:30:42 +0000"},"done":true},"minecraft:recipes/building_blocks/sandstone_slab":{"criteria":{"has_sandstone":"2024-10-20 19:30:42 +0000"},"done":true},"minecraft:recipes/building_blocks/cut_sandstone_from_sandstone_stonecutting":{"criteria":{"has_sandstone":"2024-10-20 19:30:42 +0000"},"done":true},"minecraft:recipes/building_blocks/chiseled_sandstone_from_sandstone_stonecutting":{"criteria":{"has_sandstone":"2024-10-20 19:30:42 +0000"},"done":true},"minecraft:recipes/building_blocks/smooth_sandstone":{"criteria":{"has_sandstone":"2024-10-20 19:30:42 +0000"},"done":true},"minecraft:recipes/decorations/sandstone_wall_from_sandstone_stonecutting":{"criteria":{"has_sandstone":"2024-10-20 19:30:42 +0000"},"done":true},"minecraft:recipes/building_blocks/cut_sandstone_slab_from_sandstone_stonecutting":{"criteria":{"has_sandstone":"2024-10-20 19:30:42 +0000"},"done":true},"minecraft:recipes/building_blocks/cut_sandstone":{"criteria":{"has_sandstone":"2024-10-20 19:30:42 +0000"},"done":true},"minecraft:recipes/building_blocks/sandstone_slab_from_sandstone_stonecutting":{"criteria":{"has_sandstone":"2024-10-20 19:30:42 +0000"},"done":true},"minecraft:recipes/building_blocks/sandstone_stairs_from_sandstone_stonecutting":{"criteria":{"has_sandstone":"2024-10-20 19:30:42 +0000"},"done":true},"minecraft:recipes/decorations/sandstone_wall":{"criteria":{"has_sandstone":"2024-10-20 19:30:42 +0000"},"done":true},"minecraft:recipes/building_blocks/dye_blue_wool":{"criteria":{"has_needed_dye":"2024-10-20 19:52:52 +0000"},"done":true},"minecraft:recipes/misc/light_blue_dye_from_blue_white_dye":{"criteria":{"has_blue_dye":"2024-10-20 19:52:52 +0000"},"done":true},"minecraft:recipes/misc/cyan_dye":{"criteria":{"has_blue_dye":"2024-10-20 19:52:52 +0000"},"done":true},"minecraft:recipes/building_blocks/dye_blue_carpet":{"criteria":{"has_needed_dye":"2024-10-20 19:52:52 +0000"},"done":true},"minecraft:recipes/misc/purple_dye":{"criteria":{"has_blue_dye":"2024-10-20 19:52:52 +0000"},"done":true},"minecraft:recipes/decorations/blue_candle":{"criteria":{"has_blue_dye":"2024-10-20 19:52:52 +0000"},"done":true},"minecraft:recipes/decorations/blue_stained_glass_pane_from_glass_pane":{"criteria":{"has_blue_dye":"2024-10-20 19:52:52 +0000"},"done":true},"minecraft:recipes/misc/magenta_dye_from_blue_red_pink":{"criteria":{"has_blue_dye":"2024-10-20 19:52:52 +0000"},"done":true},"minecraft:recipes/building_blocks/dye_blue_bed":{"criteria":{"has_needed_dye":"2024-10-20 19:52:52 +0000"},"done":true},"minecraft:recipes/misc/magenta_dye_from_blue_red_white_dye":{"criteria":{"has_blue_dye":"2024-10-20 19:52:52 +0000"},"done":true},"minecraft:recipes/building_blocks/dye_red_bed":{"criteria":{"has_needed_dye":"2024-10-20 19:52:56 +0000"},"done":true},"minecraft:recipes/building_blocks/dye_red_wool":{"criteria":{"has_needed_dye":"2024-10-20 19:52:56 +0000"},"done":true},"minecraft:recipes/misc/orange_dye_from_red_yellow":{"criteria":{"has_red_dye":"2024-10-20 19:52:56 +0000"},"done":true},"minecraft:recipes/decorations/red_candle":{"criteria":{"has_red_dye":"2024-10-20 19:52:56 +0000"},"done":true},"minecraft:recipes/decorations/red_stained_glass_pane_from_glass_pane":{"criteria":{"has_red_dye":"2024-10-20 19:52:56 +0000"},"done":true},"minecraft:recipes/misc/pink_dye_from_red_white_dye":{"criteria":{"has_red_dye":"2024-10-20 19:52:56 +0000"},"done":true},"minecraft:recipes/building_blocks/dye_red_carpet":{"criteria":{"has_needed_dye":"2024-10-20 19:52:56 +0000"},"done":true},"minecraft:recipes/misc/lime_dye":{"criteria":{"has_white_dye":"2024-10-20 19:53:00 +0000"},"done":true},"minecraft:recipes/misc/light_gray_dye_from_gray_white_dye":{"criteria":{"has_white_dye":"2024-10-20 19:53:00 +0000"},"done":true},"minecraft:recipes/building_blocks/dye_white_carpet":{"criteria":{"has_needed_dye":"2024-10-20 19:53:00 +0000"},"done":true},"minecraft:recipes/building_blocks/dye_white_wool":{"criteria":{"has_needed_dye":"2024-10-20 19:53:00 +0000"},"done":true},"minecraft:recipes/decorations/white_candle":{"criteria":{"has_white_dye":"2024-10-20 19:53:00 +0000"},"done":true},"minecraft:recipes/misc/gray_dye":{"criteria":{"has_white_dye":"2024-10-20 19:53:00 +0000"},"done":true},"minecraft:recipes/misc/light_gray_dye_from_black_white_dye":{"criteria":{"has_white_dye":"2024-10-20 19:53:00 +0000"},"done":true},"minecraft:recipes/building_blocks/dye_white_bed":{"criteria":{"has_needed_dye":"2024-10-20 19:53:00 +0000"},"done":true},"minecraft:recipes/decorations/white_stained_glass_pane_from_glass_pane":{"criteria":{"has_white_dye":"2024-10-20 19:53:00 +0000"},"done":true},"minecraft:recipes/decorations/glow_item_frame":{"criteria":{"has_glow_ink_sac":"2024-10-20 19:53:09 +0000"},"done":true},"minecraft:husbandry/make_a_sign_glow":{"criteria":{"make_a_sign_glow":"2024-10-20 19:53:11 +0000"},"done":true},"minecraft:recipes/brewing/cauldron":{"criteria":{"has_water_bucket":"2024-10-20 19:54:06 +0000"},"done":true},"minecraft:recipes/transportation/mangrove_boat":{"criteria":{"in_water":"2024-10-20 19:57:24 +0000"},"done":true},"minecraft:recipes/transportation/acacia_boat":{"criteria":{"in_water":"2024-10-20 19:57:24 +0000"},"done":true},"minecraft:recipes/transportation/cherry_boat":{"criteria":{"in_water":"2024-10-20 19:57:24 +0000"},"done":true},"minecraft:recipes/transportation/bamboo_raft":{"criteria":{"in_water":"2024-10-20 19:57:24 +0000"},"done":true},"minecraft:recipes/transportation/spruce_boat":{"criteria":{"in_water":"2024-10-20 19:57:24 +0000"},"done":true},"minecraft:recipes/transportation/birch_boat":{"criteria":{"in_water":"2024-10-20 19:57:24 +0000"},"done":true},"minecraft:recipes/transportation/oak_boat":{"criteria":{"in_water":"2024-10-20 19:57:24 +0000"},"done":true},"minecraft:recipes/transportation/jungle_boat":{"criteria":{"in_water":"2024-10-20 19:57:24 +0000"},"done":true},"minecraft:recipes/transportation/dark_oak_boat":{"criteria":{"in_water":"2024-10-20 19:57:24 +0000"},"done":true},"minecraft:recipes/decorations/black_bed":{"criteria":{"has_black_wool":"2024-10-20 20:07:05 +0000"},"done":true},"minecraft:recipes/decorations/painting":{"criteria":{"has_wool":"2024-10-20 20:07:05 +0000"},"done":true},"minecraft:recipes/decorations/black_carpet":{"criteria":{"has_black_wool":"2024-10-20 20:07:05 +0000"},"done":true},"minecraft:recipes/decorations/black_banner":{"criteria":{"has_black_wool":"2024-10-20 20:07:05 +0000"},"done":true},"minecraft:recipes/decorations/chest":{"criteria":{"has_lots_of_items":"2024-10-20 20:13:38 +0000"},"done":true},"minecraft:recipes/building_blocks/oak_slab":{"criteria":{"has_planks":"2024-10-20 20:29:09 +0000"},"done":true},"minecraft:recipes/decorations/oak_sign":{"criteria":{"has_planks":"2024-10-20 20:29:09 +0000"},"done":true},"minecraft:recipes/redstone/oak_trapdoor":{"criteria":{"has_planks":"2024-10-20 20:29:09 +0000"},"done":true},"minecraft:recipes/redstone/oak_fence_gate":{"criteria":{"has_planks":"2024-10-20 20:29:09 +0000"},"done":true},"minecraft:recipes/redstone/oak_pressure_plate":{"criteria":{"has_planks":"2024-10-20 20:29:09 +0000"},"done":true},"minecraft:recipes/redstone/oak_door":{"criteria":{"has_planks":"2024-10-20 20:29:09 +0000"},"done":true},"minecraft:recipes/misc/stick":{"criteria":{"has_planks":"2024-10-20 20:29:09 +0000"},"done":true},"minecraft:recipes/building_blocks/oak_stairs":{"criteria":{"has_planks":"2024-10-20 20:29:09 +0000"},"done":true},"minecraft:recipes/decorations/oak_fence":{"criteria":{"has_planks":"2024-10-20 20:29:09 +0000"},"done":true},"minecraft:recipes/decorations/barrel":{"criteria":{"has_planks":"2024-10-20 20:29:09 +0000"},"done":true},"minecraft:recipes/redstone/oak_button":{"criteria":{"has_planks":"2024-10-20 20:29:09 +0000"},"done":true},"minecraft:recipes/redstone/redstone_torch":{"criteria":{"has_redstone":"2024-10-21 17:35:50 +0000"},"done":true},"minecraft:recipes/tools/clock":{"criteria":{"has_redstone":"2024-10-21 17:35:50 +0000"},"done":true},"minecraft:recipes/redstone/dropper":{"criteria":{"has_redstone":"2024-10-21 17:35:50 +0000"},"done":true},"minecraft:recipes/redstone/redstone_block":{"criteria":{"has_redstone":"2024-10-21 17:35:50 +0000"},"done":true},"minecraft:recipes/redstone/note_block":{"criteria":{"has_redstone":"2024-10-21 17:35:50 +0000"},"done":true},"minecraft:recipes/redstone/target":{"criteria":{"has_redstone":"2024-10-21 17:35:50 +0000"},"done":true},"minecraft:recipes/tools/compass":{"criteria":{"has_redstone":"2024-10-21 17:35:50 +0000"},"done":true},"minecraft:recipes/redstone/piston":{"criteria":{"has_redstone":"2024-10-21 17:35:50 +0000"},"done":true},"minecraft:recipes/tools/flint_and_steel":{"criteria":{"has_obsidian":"2024-10-21 17:36:46 +0000"},"done":true},"minecraft:story/form_obsidian":{"criteria":{"obsidian":"2024-10-21 17:36:46 +0000"},"done":true},"minecraft:recipes/decorations/enchanting_table":{"criteria":{"has_obsidian":"2024-10-21 17:36:46 +0000"},"done":true},"minecraft:adventure/root":{"criteria":{"killed_by_something":"2024-10-21 17:55:13 +0000"},"done":true},"minecraft:recipes/decorations/ladder":{"criteria":{"has_stick":"2024-10-21 18:07:44 +0000"},"done":true},"minecraft:recipes/decorations/campfire":{"criteria":{"has_stick":"2024-10-21 18:07:44 +0000"},"done":true},"minecraft:recipes/tools/wooden_hoe":{"criteria":{"has_stick":"2024-10-21 18:07:44 +0000"},"done":true},"minecraft:recipes/tools/wooden_pickaxe":{"criteria":{"has_stick":"2024-10-21 18:07:44 +0000"},"done":true},"minecraft:recipes/tools/wooden_axe":{"criteria":{"has_stick":"2024-10-21 18:07:44 +0000"},"done":true},"minecraft:recipes/tools/wooden_shovel":{"criteria":{"has_stick":"2024-10-21 18:07:44 +0000"},"done":true},"minecraft:recipes/combat/wooden_sword":{"criteria":{"has_stick":"2024-10-21 18:07:44 +0000"},"done":true},"DataVersion":3955}