{"minecraft:recipes/decorations/crafting_table":{"criteria":{"unlock_right_away":"2024-10-20 19:27:32 +0000"},"done":true},"minecraft:adventure/adventuring_time":{"criteria":{"minecraft:plains":"2024-10-20 19:27:33 +0000"},"done":false},"minecraft:adventure/root":{"criteria":{"killed_something":"2024-10-20 19:41:02 +0000"},"done":true},"minecraft:recipes/transportation/mangrove_boat":{"criteria":{"in_water":"2024-10-20 20:28:16 +0000"},"done":true},"minecraft:recipes/transportation/acacia_boat":{"criteria":{"in_water":"2024-10-20 20:28:16 +0000"},"done":true},"minecraft:recipes/transportation/cherry_boat":{"criteria":{"in_water":"2024-10-20 20:28:16 +0000"},"done":true},"minecraft:recipes/transportation/bamboo_raft":{"criteria":{"in_water":"2024-10-20 20:28:16 +0000"},"done":true},"minecraft:recipes/transportation/spruce_boat":{"criteria":{"in_water":"2024-10-20 20:28:16 +0000"},"done":true},"minecraft:recipes/transportation/birch_boat":{"criteria":{"in_water":"2024-10-20 20:28:16 +0000"},"done":true},"minecraft:recipes/transportation/oak_boat":{"criteria":{"in_water":"2024-10-20 20:28:16 +0000"},"done":true},"minecraft:recipes/transportation/jungle_boat":{"criteria":{"in_water":"2024-10-20 20:28:16 +0000"},"done":true},"minecraft:recipes/transportation/dark_oak_boat":{"criteria":{"in_water":"2024-10-20 20:28:16 +0000"},"done":true},"DataVersion":3955}